,dataset_name,model_name,batch_size,weight_decay,learning_rate,epoch2loss,best_epoch,best_loss,fix_noiselevel,init_noiselevel,dropout_prob
0,bostonHousing,FCN,32,0.1,0.001,"0:0.6341015617420644,10:0.23431518995835457,20:0.2158570244724368,30:0.21256521934712375,40:0.21136729616073918,50:0.21057139982779818,60:0.20969074383194064,70:0.20931507279107603,80:0.2090273575650321,90:0.20845064002054708,100:0.20790439259122923,110:0.2079885078985014,120:0.20804815434011412,130:0.20789125791670365,140:0.20808668662736446,150:0.2080710366000364,160:0.20810413077289674",130,0.20789125791670365,0.01,0.01,0.01
1,bostonHousing,FCN,32,0.01,0.001,"0:0.5677161419097289,10:0.1969293736749225,20:0.18060081266326666,30:0.17433850905041634,40:0.1715358396003276,50:0.17088868117626801,60:0.169253040794973,70:0.16769552144371433,80:0.16633972332433417,90:0.16547209285659553,100:0.1645465106875808,110:0.1646669883970861,120:0.16519574806278137,130:0.16574909458925696",100,0.1645465106875808,0.01,0.01,0.01
3,bostonHousing,FCN,32,0.001,0.001,"0:0.5252858572168114,10:0.1819583551751243,20:0.16537194917967288,30:0.16214808851112553,40:0.15890303997345914,50:0.15541632504742822,60:0.15597612454935356,70:0.15262227146713822,80:0.15084730197250107,90:0.1573145215342074,100:0.1689719678443155,110:0.15893361515101093",80,0.15084730197250107,0.01,0.01,0.01
4,bostonHousing,FCN,32,0.0001,0.001,"0:0.5802548202099623,10:0.1909585953126719,20:0.17302783153675222,30:0.1643593958498519,40:0.15798209132971586,50:0.1550836671281744,60:0.15623167274910726,70:0.14549971357171917,80:0.15592292828692328,90:0.1439373522261043,100:0.14829773871619026,110:0.1522073194384575,120:0.15262091238925485",90,0.1439373522261043,0.01,0.01,0.01
5,bostonHousing,FCN,32,1e-05,0.001,"0:0.5431069836940294,10:0.19093585395150714,20:0.17493190309147774,30:0.16892666673218765,40:0.16576480628163728,50:0.161992648722213,60:0.1614623889327049,70:0.16354954730213425,80:0.17059950696097478,90:0.17070873743957943",60,0.1614623889327049,0.01,0.01,0.01
9,bostonHousing,FCN,32,1e-06,0.001,"0:0.5780137287245857,10:0.20794660563086284,20:0.18736403220229678,30:0.1845439719197191,40:0.18535990761018092,50:0.18424394456324755,60:0.18104167643152638,70:0.1837149544446557,80:0.18846725711116083,90:0.19067534925761045",60,0.18104167643152638,0.01,0.01,0.01
12,bostonHousing,FCN,32,1e-07,0.001,"0:0.5741988660008819,10:0.18362822628315584,20:0.15775628220519902,30:0.15320340038081745,40:0.14888653114989953,50:0.14626192682319217,60:0.14499632432872864,70:0.14538818428545824,80:0.1456122254515872,90:0.14431384400821026,100:0.15607025244353728,110:0.1641207328181208,120:0.15015015925890135",90,0.14431384400821026,0.01,0.01,0.01
15,bostonHousing,FCN,32,1e-08,0.001,"0:0.5481770189088068,10:0.18978394676505783,20:0.18097071463679087,30:0.17590881516168147,40:0.17135308870562801,50:0.17083505417829675,60:0.1689470577755092,70:0.1681507466935817,80:0.16762081392017408,90:0.16284556616971524,100:0.1628349044440705,110:0.16739738042707797,120:0.17883486525144104,130:0.16619670521697882",100,0.1628349044440705,0.01,0.01,0.01
18,bostonHousing,FCN,32,1e-09,0.001,"0:0.5557636923996018,10:0.19058516485455596,20:0.16827650462035781,30:0.16097942658780534,40:0.15699880570173264,50:0.15524662050568028,60:0.15366571801312176,70:0.1535156334807843,80:0.1547018987161142,90:0.1647029259322602,100:0.16742512184528657",70,0.1535156334807843,0.01,0.01,0.01
20,bostonHousing,FCN,32,1e-10,0.001,"0:0.5449125197566586,10:0.2015055696169535,20:0.17447980704866808,30:0.17298905025293798,40:0.17172917966489437,50:0.17160025643713678,60:0.17209397436660012,70:0.1687638296757215,80:0.17171719074249267,90:0.1749053026423042,100:0.17859892344769138",70,0.1687638296757215,0.01,0.01,0.01
23,bostonHousing,FCN,32,1e-11,0.001,"0:0.5715316073026185,10:0.19551955016306888,20:0.17288212242685722,30:0.16710441313040109,40:0.16339904222591423,50:0.16153419895304574,60:0.16052614524040693,70:0.16336733562710842,80:0.168207143302317,90:0.1636582085931743",60,0.16052614524040693,0.01,0.01,0.01
25,bostonHousing,FCN,32,1e-12,0.001,"0:0.5370060677881593,10:0.18274868356960794,20:0.164600073316215,30:0.1615133630456748,40:0.15912261791067359,50:0.15677603862167877,60:0.1534671868439074,70:0.15330917430512697,80:0.155566093068064,90:0.16720586159714945,100:0.1610480390765049",70,0.15330917430512697,0.01,0.01,0.01
30,bostonHousing,FCN,32,1e-13,0.001,"0:0.5520425179490337,10:0.20101135476135915,20:0.17285750453118925,30:0.16437610310536843,40:0.15941684268139028,50:0.1573449609088309,60:0.1565778422502824,70:0.15954442053665346,80:0.15918685205188796,90:0.15650511577173515,100:0.17845784525076547,110:0.16711079389960676,120:0.15633816476221435,130:0.15508526414632798,140:0.15818753202020386,150:0.16204740719662775,160:0.15367070298503946,170:0.16387857334849273,180:0.15374919498040351,190:0.16126809342775816",160,0.15367070298503946,0.01,0.01,0.01
33,bostonHousing,FCN,32,1e-14,0.001,"0:0.5718160191251908,10:0.192009286361712,20:0.16879471485261563,30:0.16314554048909083,40:0.15810350676377616,50:0.15913822264583025,60:0.15916839278774497,70:0.16163350027284504",40,0.15810350676377616,0.01,0.01,0.01
35,bostonHousing,FCN,32,1e-15,0.001,"0:0.5580153475573033,10:0.1932579318130458,20:0.17726601456050517,30:0.17095431676249448,40:0.16705840242865647,50:0.163348637300509,60:0.16240522309585853,70:0.1628774505338551,80:0.1563615384293191,90:0.1719068216688839,100:0.16566266656657797,110:0.16031574222408695",80,0.1563615384293191,0.01,0.01,0.01
38,bostonHousing,FCN,64,0.1,0.001,"0:0.73315428506445,10:0.27918365113897087,20:0.23623289900061523,30:0.21836590730113747,40:0.21329506727648367,50:0.21248985979660057,60:0.2126823536223835,70:0.2128118173391731,80:0.21296634203121984",50,0.21248985979660057,0.01,0.01,0.01
39,bostonHousing,FCN,64,0.01,0.001,"0:0.6779427567013988,10:0.20773463078119137,20:0.17790414012140698,30:0.17063138337782874,40:0.1676686731017666,50:0.1698520115312235,60:0.1672277428669694,70:0.16425577718534587,80:0.16865464505957967,90:0.1669237051113152,100:0.16608466875773892",70,0.16425577718534587,0.01,0.01,0.01
43,bostonHousing,FCN,64,0.001,0.001,"0:0.6780627522939516,10:0.2140552900823546,20:0.18425489542660892,30:0.1776185084824209,40:0.1733602328065001,50:0.18276930066906377,60:0.16482827532806515,70:0.1628405420868485,80:0.16392625450720022,90:0.1595767421119007,100:0.15384104901257858,110:0.15622304208852628,120:0.15662928265921866,130:0.15886045631803114",100,0.15384104901257858,0.01,0.01,0.01
46,bostonHousing,FCN,64,0.0001,0.001,"0:0.6980250255561169,10:0.2218457386633496,20:0.1821944903812291,30:0.17405197101610675,40:0.16762538578039335,50:0.16632829089591533,60:0.16511072446534664,70:0.16512821912765502,80:0.16301308301863845,90:0.16436835829122565,100:0.1633599558730184,110:0.16464387237289807",80,0.16301308301863845,0.01,0.01,0.01
49,bostonHousing,FCN,64,1e-05,0.001,"0:0.6971106580010167,10:0.20980895167147673,20:0.17461332914270003,30:0.1668303139599753,40:0.16415928493679305,50:0.157179962080202,60:0.1558523488265497,70:0.1546650500577173,80:0.15417885373771928,90:0.15571913930736941,100:0.16364914738101724,110:0.15428761597032897",80,0.15417885373771928,0.01,0.01,0.01
52,bostonHousing,FCN,64,1e-06,0.001,"0:0.6920531701526526,10:0.20416576117277146,20:0.17680994235439068,30:0.16827576554115906,40:0.1640214987743048,50:0.16067869070871377,60:0.15738285960238657,70:0.1531436370110806,80:0.15332091336632953,90:0.1541537524373443,100:0.1565793290918256",70,0.1531436370110806,0.01,0.01,0.01
54,bostonHousing,FCN,64,1e-07,0.001,"0:0.6767517354385352,10:0.2093205366789559,20:0.18350820386851271,30:0.17572257217065787,40:0.17488806497903517,50:0.17170026026390217,60:0.17990101391886487,70:0.17653706445370193,80:0.17750955485267406",50,0.17170026026390217,0.01,0.01,0.01
57,bostonHousing,FCN,64,1e-08,0.001,"0:0.6700361093989124,10:0.21863601200374555,20:0.17834867191167525,30:0.16755274250919439,40:0.16286815237483862,50:0.1665572276085983,60:0.16969762194303817,70:0.16714430359410654",40,0.16286815237483862,0.01,0.01,0.01
59,bostonHousing,FCN,64,1e-09,0.001,"0:0.7051254224630049,10:0.22331891784697402,20:0.1877800186107188,30:0.18245150708122015,40:0.18025083744231563,50:0.18082678917749426,60:0.1802702573346503,70:0.18073617146338944",40,0.18025083744231563,0.01,0.01,0.01
62,bostonHousing,FCN,64,1e-10,0.001,"0:0.6607111385575047,10:0.22269792400392485,20:0.17757588961610088,30:0.16852224169322,40:0.16626236479223508,50:0.1647858500848582,60:0.16298393169303,70:0.1611090240471157,80:0.16066965698092073,90:0.1630363772128835,100:0.15968628678424862,110:0.16580966975953843,120:0.16758274045991312,130:0.16378913937527456",100,0.15968628678424862,0.01,0.01,0.01
66,bostonHousing,FCN,64,1e-11,0.001,"0:0.6948594161389787,10:0.1981722035157828,20:0.16980143877459158,30:0.1617538974608904,40:0.15710092227400085,50:0.15467530706046542,60:0.15256014641052412,70:0.14872920325508826,80:0.15440039349558915,90:0.14941277783594015,100:0.1455196366449933,110:0.1487326218942065,120:0.14754848829758022,130:0.14692651520908614",100,0.1455196366449933,0.01,0.01,0.01
68,bostonHousing,FCN,64,1e-12,0.001,"0:0.678937617054692,10:0.20965973278622568,20:0.18499038883565383,30:0.18470143942553321,40:0.18365191342654053,50:0.17986795368753833,60:0.17795968423655,70:0.17967959517314108,80:0.18103442655669316,90:0.17837353812323675",60,0.17795968423655,0.01,0.01,0.01
72,bostonHousing,FCN,64,1e-13,0.001,"0:0.7322676238454419,10:0.2039034046140718,20:0.1770335997696276,30:0.17064631916122672,40:0.16985068972463963,50:0.17141099211610392,60:0.16840476526154413,70:0.16830394187091308,80:0.16606040243749265,90:0.1644508300372112,100:0.16627169876922798,110:0.16577937025346876,120:0.16255450149377185,130:0.1597731434820611,140:0.16232101541978344,150:0.1618339757124583,160:0.16529613823434453",130,0.1597731434820611,0.01,0.01,0.01
77,bostonHousing,FCN,64,1e-14,0.001,"0:0.6939298387662864,10:0.21603675322768132,20:0.18549917086406992,30:0.17629385071772116,40:0.1731051371053413,50:0.17521524517624465,60:0.17516734761956296,70:0.17037595808506012,80:0.17881064963193585,90:0.16897050307856662,100:0.1724830780868177,110:0.17298652452451213,120:0.1712620002252084",90,0.16897050307856662,0.01,0.01,0.01
84,bostonHousing,FCN,64,1e-15,0.001,"0:0.7278252294769993,10:0.21432369172941018,20:0.18512649208675197,30:0.1806927615477715,40:0.18004237681995205,50:0.1774335046977173,60:0.17571911477012397,70:0.1740286585357454,80:0.17104609570017565,90:0.17196512707957518,100:0.16925771080049468,110:0.16788105103704667,120:0.1668591693043709,130:0.16636177238858776,140:0.17582097945757855,150:0.1660754186871611,160:0.16674378253059624,170:0.1640338298163296,180:0.16865454128494967,190:0.1639076671850534,200:0.16074607055864215,210:0.16423030265687424,220:0.16261017927784976,230:0.1606048916409045,240:0.16722253375215296,250:0.16626044294716397,260:0.1636530211310328",230,0.1606048916409045,0.01,0.01,0.01
88,bostonHousing,FCN,128,0.1,0.001,"0:0.8348986744880676,10:0.3481907367706299,20:0.2703936815261841,30:0.2521046310663223,40:0.24168838262557985,50:0.23429425656795502,60:0.2300514429807663,70:0.22840707302093505,80:0.22799607813358308,90:0.22753619253635407,100:0.22749557495117187,110:0.22754899859428407,120:0.22783819139003753,130:0.22817875444889069",100,0.22749557495117187,0.01,0.01,0.01
94,bostonHousing,FCN,128,0.01,0.001,"0:0.8121919870376587,10:0.27592523097991944,20:0.2144421398639679,30:0.19202079623937607,40:0.1834221825003624,50:0.1767218679189682,60:0.17217703461647033,70:0.16954410672187806,80:0.16749284863471986,90:0.16612863093614577,100:0.16428772062063218,110:0.16307771652936937,120:0.16224238872528077,130:0.16123324483633042,140:0.160386161506176,150:0.15988038033246993,160:0.15959299653768538,170:0.1591092348098755,180:0.1582568109035492,190:0.15756273567676543,200:0.1568249061703682,210:0.15625784248113633,220:0.15586045533418655,230:0.15536382794380188,240:0.15524522066116334,250:0.1550931453704834,260:0.15412178188562392,270:0.1536061629652977,280:0.15365629643201828,290:0.15354847609996797,300:0.1534334048628807,310:0.15311307907104493,320:0.15265021920204164,330:0.15337496399879455,340:0.15250627398490907,350:0.1532491475343704,360:0.15252696871757507,370:0.15310162156820298",340,0.15250627398490907,0.01,0.01,0.01
98,bostonHousing,FCN,128,0.001,0.001,"0:0.8022489786148072,10:0.27029388546943667,20:0.22360254526138307,30:0.1987541750073433,40:0.18510242849588393,50:0.17857127487659455,60:0.17254506200551986,70:0.16792293936014174,80:0.16420958042144776,90:0.1612464278936386,100:0.1591462180018425,110:0.15739536732435228,120:0.15611197799444199,130:0.15545202940702438,140:0.15548316091299058,150:0.15464070290327073,160:0.15477827787399293,170:0.1542327880859375,180:0.15342721045017244,190:0.1535614937543869,200:0.1537189766764641,210:0.1545514702796936",180,0.15342721045017244,0.01,0.01,0.01
101,bostonHousing,FCN,128,0.0001,0.001,"0:0.8288206338882447,10:0.275047504901886,20:0.2247488170862198,30:0.2050784006714821,40:0.1958374336361885,50:0.1896255925297737,60:0.184483140707016,70:0.17926063090562822,80:0.17647153437137603,90:0.17463819086551666,100:0.17477825582027434,110:0.17548983544111252,120:0.17612621784210206",90,0.17463819086551666,0.01,0.01,0.01
105,bostonHousing,FCN,128,1e-05,0.001,"0:0.8267861127853393,10:0.24327076077461243,20:0.20103898346424104,30:0.18164042085409166,40:0.17325907498598098,50:0.16820261925458907,60:0.1638790562748909,70:0.16081924736499786,80:0.1590788930654526,90:0.15834089666604995,100:0.15791187435388565,110:0.15730151236057283,120:0.15721615999937058,130:0.15657511949539185,140:0.1564799964427948,150:0.1564090833067894,160:0.1571541264653206,170:0.15740623623132705,180:0.15719770938158034",150,0.1564090833067894,0.01,0.01,0.01
111,bostonHousing,FCN,128,1e-06,0.001,"0:0.8516168594360352,10:0.2751641243696213,20:0.22969234585762024,30:0.2076345682144165,40:0.19838237017393112,50:0.19253265708684922,60:0.18637673556804657,70:0.18137623220682145,80:0.17760726660490037,90:0.17599326074123384,100:0.17400937378406525,110:0.17273514866828918,120:0.17161213159561156,130:0.17060371488332748,140:0.17047924548387527,150:0.17059457749128343,160:0.16961745023727418,170:0.16930439919233323,180:0.16972450464963912,190:0.1705043762922287,200:0.17134829461574555",170,0.16930439919233323,0.01,0.01,0.01
114,bostonHousing,FCN,128,1e-07,0.001,"0:0.835494315624237,10:0.26531520783901213,20:0.2132533848285675,30:0.19026052802801133,40:0.18128800988197327,50:0.17804175317287446,60:0.17675908654928207,70:0.17541217654943467,80:0.17422277182340623,90:0.17339057624340057,100:0.17299350053071977,110:0.1734141618013382,120:0.17367869168519973,130:0.17404623031616212",100,0.17299350053071977,0.01,0.01,0.01
117,bostonHousing,FCN,128,1e-08,0.001,"0:0.8333647012710571,10:0.269739630818367,20:0.2215629607439041,30:0.195752415060997,40:0.18203172981739044,50:0.176127590239048,60:0.1714597001671791,70:0.1673262506723404,80:0.16374626010656357,90:0.16111965775489806,100:0.1592387244105339,110:0.15835195779800415,120:0.15781271755695342,130:0.15791726112365723,140:0.15753153413534166,150:0.15816440135240556,160:0.15869106501340866,170:0.15896059274673463",140,0.15753153413534166,0.01,0.01,0.01
121,bostonHousing,FCN,128,1e-09,0.001,"0:0.7714016199111938,10:0.2724844843149185,20:0.21572279781103135,30:0.18660199642181396,40:0.1740607053041458,50:0.16729600578546525,60:0.1644088253378868,70:0.16270024925470353,80:0.16236795634031295,90:0.16241704821586608,100:0.1620708331465721,110:0.16198099702596663,120:0.16200592815876008,130:0.16306983977556228,140:0.16397564262151718",110,0.16198099702596663,0.01,0.01,0.01
127,bostonHousing,FCN,128,1e-10,0.001,"0:0.838830542564392,10:0.2865931004285812,20:0.2220333367586136,30:0.1963785320520401,40:0.18504556268453598,50:0.17836977839469909,60:0.17324000597000122,70:0.17032948434352874,80:0.16828721314668654,90:0.16612184196710586,100:0.16447968184947967,110:0.16281092613935472,120:0.1616577297449112,130:0.16094395220279695,140:0.1598592460155487,150:0.15878292620182038,160:0.15802609026432038,170:0.15755508095026016,180:0.15755535215139388,190:0.15749890357255936,200:0.1576331526041031,210:0.157179057598114,220:0.15904053300619125,230:0.1563081383705139,240:0.1575508877635002,250:0.15788761675357818,260:0.15647221803665162",230,0.1563081383705139,0.01,0.01,0.01
133,bostonHousing,FCN,128,1e-11,0.001,"0:0.7990813255310059,10:0.280041828751564,20:0.22983039021492005,30:0.20438359826803207,40:0.19352687895298004,50:0.18792058676481246,60:0.18294500857591628,70:0.17843891084194183,80:0.17528778612613677,90:0.17272582203149794,100:0.1710831567645073,110:0.16948709338903428,120:0.16783699244260789,130:0.1665030911564827,140:0.1657084494829178,150:0.16561893224716187,160:0.16426970660686493,170:0.16303554326295852,180:0.16239651888608933,190:0.1625107169151306,200:0.16218997836112975,210:0.16270822286605835,220:0.16261273473501206,230:0.1614221826195717,240:0.16283966600894928,250:0.16190897673368454,260:0.16492000222206116",230,0.1614221826195717,0.01,0.01,0.01
137,bostonHousing,FCN,128,1e-12,0.001,"0:0.8357889771461486,10:0.26259629130363465,20:0.22162486761808395,30:0.1999806970357895,40:0.1888410195708275,50:0.18475762903690338,60:0.1819618448615074,70:0.17931102812290192,80:0.17655103504657746,90:0.17419515550136566,100:0.17306407243013383,110:0.1727645456790924,120:0.1725543588399887,130:0.17384295761585236,140:0.174142923951149,150:0.1747472658753395",120,0.1725543588399887,0.01,0.01,0.01
142,bostonHousing,FCN,128,1e-13,0.001,"0:0.817833411693573,10:0.2645583897829056,20:0.21183768212795256,30:0.1910685732960701,40:0.18005970120429993,50:0.1750216692686081,60:0.17165803015232087,70:0.16816097795963286,80:0.16519222557544708,90:0.16344439387321472,100:0.16250438690185548,110:0.16149954050779342,120:0.16133203804492952,130:0.1603175237774849,140:0.1591515764594078,150:0.1584009513258934,160:0.1581546649336815,170:0.15739485174417495,180:0.1571423351764679,190:0.15672381967306137,200:0.1562137007713318,210:0.1556842729449272,220:0.15626258850097657,230:0.15289702266454697,240:0.15672720670700074,250:0.15415342152118683,260:0.1551597759127617",230,0.15289702266454697,0.01,0.01,0.01
144,bostonHousing,FCN,128,1e-14,0.001,"0:0.8407933831214904,10:0.27924629747867585,20:0.22647634148597717,30:0.20505073964595794,40:0.1943670317530632,50:0.18836229890584946,60:0.18476389050483705,70:0.1818538412451744,80:0.1790666699409485,90:0.17619674652814865,100:0.17380393594503402,110:0.17227813601493835,120:0.17067958861589433,130:0.16974095702171327,140:0.16889864951372147,150:0.16881218254566194,160:0.16857124119997025,170:0.1684275045990944,180:0.1678790882229805,190:0.1685130462050438,200:0.16873605102300643,210:0.16835536062717438",180,0.1678790882229805,0.01,0.01,0.01
145,bostonHousing,FCN,128,1e-15,0.001,"0:0.8060116648674012,10:0.25773648619651796,20:0.20992076247930527,30:0.19079331010580064,40:0.18245636969804763,50:0.17881474643945694,60:0.17647730112075805,70:0.17422969341278077,80:0.17141956090927124,90:0.16869235336780547,100:0.1676333636045456,110:0.16733180582523347,120:0.16718328148126602,130:0.16742721945047379,140:0.16843734681606293,150:0.16979795098304748",120,0.16718328148126602,0.01,0.01,0.01
147,bostonHousing,FCN,256,0.1,0.001,"0:0.9128929972648621,10:0.44502111077308654,20:0.3134790450334549,30:0.26899408400058744,40:0.25175175070762634,50:0.24006121456623078,60:0.2319748342037201,70:0.22685629427433013,80:0.22369008362293244,90:0.22181625068187713,100:0.2211736708879471,110:0.2216688483953476,120:0.2221003770828247,130:0.2225227177143097",100,0.2211736708879471,0.01,0.01,0.01
148,bostonHousing,FCN,256,0.01,0.001,"0:0.9007864356040954,10:0.3525259405374527,20:0.2445131480693817,30:0.21760992258787154,40:0.20099264830350877,50:0.18872260600328444,60:0.1820860430598259,70:0.17739652395248412,80:0.1744704306125641,90:0.17252789735794066,100:0.17134929299354554,110:0.16966714709997177,120:0.16879410147666932,130:0.1688233271241188,140:0.16832535564899445,150:0.16818181425333023,160:0.1686735197901726,170:0.16893363296985625,180:0.16915081292390824",150,0.16818181425333023,0.01,0.01,0.01
150,bostonHousing,FCN,256,0.001,0.001,"0:0.8809601902961731,10:0.34061816334724426,20:0.2446746528148651,30:0.21629426032304763,40:0.19490184783935546,50:0.18184738904237746,60:0.1734561264514923,70:0.16727566719055176,80:0.16301290541887284,90:0.16004101634025575,100:0.15650364458560945,110:0.15402892231941223,120:0.15188461244106294,130:0.14977940320968627,140:0.14818983525037766,150:0.14677085876464843,160:0.14612416177988052,170:0.1447644665837288,180:0.143562476336956,190:0.14266057312488556,200:0.14171600341796875,210:0.14104002267122268,220:0.14049032479524612,230:0.1400909885764122,240:0.13979307562112808,250:0.13972703963518143,260:0.1396025985479355,270:0.13875783383846282,280:0.1392168238759041,290:0.1383358359336853,300:0.13853648006916047,310:0.13807052969932557,320:0.13818059861660004,330:0.1378476157784462,340:0.1385236442089081,350:0.13800594806671143,360:0.1385641559958458",330,0.1378476157784462,0.01,0.01,0.01
152,bostonHousing,FCN,256,0.0001,0.001,"0:0.9214223980903625,10:0.3683182060718536,20:0.26131944060325624,30:0.22268812954425812,40:0.19946645200252533,50:0.18942706733942033,60:0.18419807106256486,70:0.1801284670829773,80:0.17637788206338884,90:0.17318647503852844,100:0.17078608125448227,110:0.1690247431397438,120:0.16714818626642228,130:0.16643165200948715,140:0.16589753478765487,150:0.16552381068468094,160:0.16497767418622972,170:0.16486541032791138,180:0.16492935717105867,190:0.16524290591478347,200:0.16550071388483048",170,0.16486541032791138,0.01,0.01,0.01
154,bostonHousing,FCN,256,1e-05,0.001,"0:0.9236303210258484,10:0.35467524230480196,20:0.24833138585090636,30:0.20878853499889374,40:0.18654008507728576,50:0.17573952972888945,60:0.16872566789388657,70:0.164617420732975,80:0.1615361601114273,90:0.15927984863519667,100:0.15786545723676682,110:0.15661451667547227,120:0.15594849437475206,130:0.15578186511993408,140:0.15587536096572877,150:0.15605165511369706,160:0.15621863603591918",130,0.15578186511993408,0.01,0.01,0.01
156,bostonHousing,FCN,256,1e-06,0.001,"0:0.8280050873756408,10:0.33981579542160034,20:0.2523994714021683,30:0.22034669816493987,40:0.2024727314710617,50:0.1899613693356514,60:0.18241657465696334,70:0.1769792303442955,80:0.17320381551980973,90:0.17100284546613692,100:0.16930222362279893,110:0.16877157837152482,120:0.16887857019901276,130:0.16952431201934814,140:0.17017332911491395",110,0.16877157837152482,0.01,0.01,0.01
158,bostonHousing,FCN,256,1e-07,0.001,"0:0.8760051727294922,10:0.3607867181301117,20:0.2547339916229248,30:0.218888121843338,40:0.1978011429309845,50:0.18479341715574266,60:0.17590831518173217,70:0.17017335295677186,80:0.16543252170085906,90:0.16241032183170317,100:0.16048796176910402,110:0.15857911705970765,120:0.15724221915006636,130:0.15656544864177704,140:0.15617143958806992,150:0.15649227499961854,160:0.1565677061676979,170:0.1559901162981987,180:0.15543585568666457,190:0.15496959984302522,200:0.1543956607580185,210:0.15435463041067124,220:0.1546809643507004,230:0.15489526987075805,240:0.1553524687886238",210,0.15435463041067124,0.01,0.01,0.01
160,bostonHousing,FCN,256,1e-08,0.001,"0:0.8514840483665467,10:0.3315995395183563,20:0.24736326932907104,30:0.2198197215795517,40:0.20255610942840577,50:0.19007742702960967,60:0.18089068681001663,70:0.17398397177457808,80:0.16866018921136855,90:0.16517727375030516,100:0.16312200725078582,110:0.16191863119602204,120:0.16119936406612395,130:0.16054830998182296,140:0.15989020764827727,150:0.1593916654586792,160:0.15922835618257522,170:0.1591443806886673,180:0.15864455997943877,190:0.1582265928387642,200:0.1580445423722267,210:0.15770983546972275,220:0.15756690502166748,230:0.15728718191385269,240:0.15687870532274245,250:0.1573016822338104,260:0.157377989590168,270:0.15884854048490524",240,0.15687870532274245,0.01,0.01,0.01
161,bostonHousing,FCN,256,1e-09,0.001,"0:0.8316660165786743,10:0.3290421456098557,20:0.24117653965950012,30:0.21289439797401427,40:0.19528958350419998,50:0.18500574082136154,60:0.17819252759218215,70:0.17458782345056534,80:0.17137335389852523,90:0.16918792724609374,100:0.16772190928459169,110:0.16721893101930618,120:0.1673737347126007,130:0.16688934713602066,140:0.16704520732164382,150:0.16745445430278777,160:0.16725348085165023",130,0.16688934713602066,0.01,0.01,0.01
162,bostonHousing,FCN,256,1e-10,0.001,"0:0.8804438591003418,10:0.35701604187488556,20:0.2537642985582352,30:0.21623485982418061,40:0.19676084518432618,50:0.18615973740816116,60:0.17873848527669906,70:0.1740620106458664,80:0.1705388680100441,90:0.16813768893480302,100:0.16601818799972534,110:0.16467324793338775,120:0.162849260866642,130:0.16209819316864013,140:0.1616091251373291,150:0.16126517653465272,160:0.16146073192358018,170:0.16089777499437333,180:0.16009706109762192,190:0.15963235050439833,200:0.1589255839586258,210:0.1585043728351593,220:0.1581532374024391,230:0.15773771703243256,240:0.15750681459903718,250:0.15733914971351623,260:0.15766754001379013,270:0.15739852339029312,280:0.15633762031793594,290:0.15663842409849166,300:0.15638253688812256,310:0.15620564222335814,320:0.1565988078713417,330:0.1564005896449089,340:0.15708999037742616",310,0.15620564222335814,0.01,0.01,0.01
164,bostonHousing,FCN,256,1e-11,0.001,"0:0.8851762533187866,10:0.34711688160896303,20:0.2612742274999619,30:0.21402415931224822,40:0.1899589866399765,50:0.17484514117240907,60:0.16651567071676254,70:0.1614898532629013,80:0.15728039294481277,90:0.1545758455991745,100:0.15306792706251143,110:0.15121083110570907,120:0.15001547038555146,130:0.14948472678661345,140:0.14911416321992874,150:0.14879885017871858,160:0.14872125834226607,170:0.14858972579240798,180:0.14915554374456405,190:0.14933223873376847,200:0.14954041689634323",170,0.14858972579240798,0.01,0.01,0.01
166,bostonHousing,FCN,256,1e-12,0.001,"0:0.9125312924385071,10:0.3665540099143982,20:0.2519697487354279,30:0.22208825945854188,40:0.1992284134030342,50:0.1856669768691063,60:0.17827142477035524,70:0.1726062372326851,80:0.16819000393152236,90:0.165389347076416,100:0.1631234109401703,110:0.16138137727975846,120:0.16012736558914184,130:0.15923576354980468,140:0.15883711874485015,150:0.15869042426347732,160:0.15860403925180436,170:0.15861349701881408,180:0.15856331437826157,190:0.15850788056850434,200:0.15837855041027069,210:0.15787939727306366,220:0.1574120432138443,230:0.15690511614084243,240:0.1564214736223221,250:0.15598352551460265,260:0.1557515263557434,270:0.15544116497039795,280:0.15524497628211975,290:0.15512316524982453,300:0.15473760962486266,310:0.1546781361103058,320:0.15442121624946595,330:0.15405411422252654,340:0.15375777035951615,350:0.15379902869462966,360:0.15335636883974074,370:0.15351551473140718,380:0.15373848527669906,390:0.1536949396133423",360,0.15335636883974074,0.01,0.01,0.01
168,bostonHousing,FCN,256,1e-13,0.001,"0:0.8938230395317077,10:0.33987289667129517,20:0.2521808922290802,30:0.22399406135082245,40:0.2054788738489151,50:0.1952974319458008,60:0.18853173553943633,70:0.1842641219496727,80:0.18117559105157852,90:0.17882576137781142,100:0.1766582027077675,110:0.1749139979481697,120:0.17333055287599564,130:0.1717489555478096,140:0.16939202398061753,150:0.16803364902734758,160:0.16705885380506516,170:0.16610954105854034,180:0.16497596204280854,190:0.16464649736881257,200:0.16406242102384566,210:0.16351505368947983,220:0.16350438743829726,230:0.16329841315746307,240:0.16302256733179094,250:0.16262058913707733,260:0.16325248032808304,270:0.16320839673280715,280:0.1631813406944275",250,0.16262058913707733,0.01,0.01,0.01
170,bostonHousing,FCN,256,1e-14,0.001,"0:0.8562813401222229,10:0.3211534321308136,20:0.25052311420440676,30:0.22001756429672242,40:0.2022264003753662,50:0.19215102195739747,60:0.1866002932190895,70:0.1826888620853424,80:0.17890385985374452,90:0.17627961337566375,100:0.17360635697841645,110:0.17126609086990358,120:0.16951171606779097,130:0.16886533200740814,140:0.16812754124403,150:0.16715628355741502,160:0.16644464582204818,170:0.1663189113140106,180:0.16654232889413834,190:0.16623881906270982,200:0.16648557037115097,210:0.16742930859327315,220:0.16773760616779326",190,0.16623881906270982,0.01,0.01,0.01
172,bostonHousing,FCN,256,1e-15,0.001,"0:0.8643611073493958,10:0.34850583374500277,20:0.2521529793739319,30:0.21495961844921113,40:0.1972597897052765,50:0.1874847486615181,60:0.1823613688349724,70:0.17838910967111588,80:0.17510094195604325,90:0.17226579934358596,100:0.16967792361974715,110:0.16771892011165618,120:0.16664462089538573,130:0.16607283502817155,140:0.1664171814918518,150:0.16715508401393891,160:0.16782984435558318",130,0.16607283502817155,0.01,0.01,0.01
173,bostonHousing,FCN,512,0.1,0.001,"0:0.9340175747871399,10:0.5793791055679322,20:0.4179333508014679,30:0.3331850111484528,40:0.2918145388364792,50:0.269160321354866,60:0.2577229619026184,70:0.2503314048051834,80:0.24432722926139833,90:0.23948561549186706,100:0.23551334142684938,110:0.23258380591869354,120:0.22946584820747376,130:0.22742787301540374,140:0.2260225832462311,150:0.2248149633407593,160:0.22414637207984925,170:0.2237532138824463,180:0.2237154483795166,190:0.2238652527332306,200:0.22386321425437927,210:0.22397141754627228",180,0.2237154483795166,0.01,0.01,0.01
176,bostonHousing,FCN,512,0.01,0.001,"0:0.9054300904273986,10:0.46732476353645325,20:0.32024086713790895,30:0.2478301703929901,40:0.23213593363761903,50:0.21742293685674668,60:0.20899572521448134,70:0.20063365548849105,80:0.1961199477314949,90:0.1922808513045311,100:0.19010944664478302,110:0.18823371082544327,120:0.18669426143169404,130:0.18566122204065322,140:0.18407337963581086,150:0.18251170367002487,160:0.181318099796772,170:0.18058562278747559,180:0.1796509549021721,190:0.17844701409339905,200:0.17750073820352555,210:0.17654091119766235,220:0.1755303367972374,230:0.17426244616508485,240:0.17301128655672074,250:0.17249882519245147,260:0.1718601793050766,270:0.17126874923706054,280:0.17105587273836137,290:0.17102499008178712,300:0.1704268053174019,310:0.1702159434556961,320:0.17016731947660446,330:0.17009490877389907,340:0.1694968193769455,350:0.169430148601532,360:0.1689937710762024,370:0.16841052919626237,380:0.16798894852399826,390:0.16787683665752412,400:0.1677497833967209,410:0.16729092597961426,420:0.16693132668733596,430:0.16711731404066085,440:0.16681623160839082,450:0.16671689450740815,460:0.16667720377445222,470:0.16679264307022096,480:0.16651819497346879,490:0.16656613498926162,500:0.1664251357316971,510:0.1659109488129616,520:0.16620379984378814,530:0.16590358316898346,540:0.16583014279603958,550:0.1656978651881218,560:0.1653458446264267,570:0.16580547839403154,580:0.16589230746030809,590:0.1656360775232315",560,0.1653458446264267,0.01,0.01,0.01
178,bostonHousing,FCN,512,0.001,0.001,"0:0.957495105266571,10:0.4876340925693512,20:0.3241242468357086,30:0.25031634867191316,40:0.23137622326612473,50:0.2191908210515976,60:0.20788579881191255,70:0.19868155121803283,80:0.192579385638237,90:0.18652518689632416,100:0.18123894333839416,110:0.1762470006942749,120:0.17204322963953017,130:0.16848481297492982,140:0.16541810929775239,150:0.1623936951160431,160:0.16031211912631987,170:0.15860385596752166,180:0.15757471919059754,190:0.15667239874601363,200:0.15613770484924316,210:0.15552179217338563,220:0.15495729744434356,230:0.15408512502908706,240:0.1537390485405922,250:0.15348435938358307,260:0.15360614359378816,270:0.15326529741287231,280:0.15357859432697296,290:0.15331215411424637,300:0.15309625267982482,310:0.15244191884994507,320:0.15215416997671127,330:0.15178706198930741,340:0.1515602260828018,350:0.15145799666643142,360:0.15185974687337875,370:0.15217748135328293,380:0.15256340950727462",350,0.15145799666643142,0.01,0.01,0.01
180,bostonHousing,FCN,512,0.0001,0.001,"0:0.9466940760612488,10:0.5235397338867187,20:0.37029180228710173,30:0.2804672658443451,40:0.2569805055856705,50:0.23607383966445922,60:0.22163547873497008,70:0.20997636765241623,80:0.19990645945072175,90:0.19285001754760742,100:0.1885305091738701,110:0.18458287566900253,120:0.18085400015115738,130:0.17747246325016022,140:0.17480589896440507,150:0.1721588373184204,160:0.16955117136240005,170:0.167136512696743,180:0.16471986174583436,190:0.16273564994335174,200:0.16113923788070678,210:0.1601610079407692,220:0.15963222980499267,230:0.15909629464149475,240:0.15863378793001176,250:0.1586015447974205,260:0.15851328223943711,270:0.15801852941513062,280:0.15751421749591826,290:0.1570165455341339,300:0.15665528327226638,310:0.1563740149140358,320:0.15624567568302156,330:0.15611193627119063,340:0.1564388245344162,350:0.15656073093414308,360:0.1565949186682701",330,0.15611193627119063,0.01,0.01,0.01
182,bostonHousing,FCN,512,1e-05,0.001,"0:0.984193766117096,10:0.5167505741119385,20:0.35241266489028933,30:0.27305988073348997,40:0.23746235370635987,50:0.22380876541137695,60:0.21452686488628386,70:0.2011643022298813,80:0.19455146491527558,90:0.1909085527062416,100:0.18789320439100266,110:0.18573222756385804,120:0.18352265655994415,130:0.18135900646448136,140:0.1784956231713295,150:0.17610131055116654,160:0.17437856197357177,170:0.17267532050609588,180:0.1710373044013977,190:0.16919650435447692,200:0.16801053583621978,210:0.16721235066652299,220:0.16675545275211334,230:0.1662836566567421,240:0.16528616696596146,250:0.1651949778199196,260:0.16505862027406693,270:0.16496627330780028,280:0.1652999684214592,290:0.165419365465641,300:0.1653655782341957",270,0.16496627330780028,0.01,0.01,0.01
184,bostonHousing,FCN,512,1e-06,0.001,"0:0.9509616613388061,10:0.5159578561782837,20:0.3439630031585693,30:0.25752527713775636,40:0.22751285135746002,50:0.21145859360694885,60:0.1969495713710785,70:0.18855127096176147,80:0.18415403217077256,90:0.17890679687261582,100:0.17507409751415254,110:0.17302153259515762,120:0.1704954370856285,130:0.16880476623773574,140:0.1674829304218292,150:0.16646631360054015,160:0.1656153067946434,170:0.16413475275039674,180:0.16274228245019912,190:0.16164800226688386,200:0.16071675568819047,210:0.15939097255468368,220:0.15871397852897645,230:0.1577543258666992,240:0.1569881334900856,250:0.1568850889801979,260:0.1566940277814865,270:0.156399405002594,280:0.15621298998594285,290:0.15666398257017136,300:0.15700180381536483,310:0.1570001572370529",280,0.15621298998594285,0.01,0.01,0.01
185,bostonHousing,FCN,512,1e-07,0.001,"0:0.9592684626579284,10:0.4914268970489502,20:0.34634390473365784,30:0.27186710834503175,40:0.24496748745441438,50:0.222941854596138,60:0.2102656438946724,70:0.20286791622638703,80:0.19701249301433563,90:0.19094487875699998,100:0.1867531195282936,110:0.18390166461467744,120:0.180801098048687,130:0.17782539129257202,140:0.17568292766809462,150:0.1740700900554657,160:0.1721159338951111,170:0.16978562623262405,180:0.16774811446666718,190:0.16635519713163377,200:0.1651435375213623,210:0.16373149752616883,220:0.16237177103757858,230:0.1612558126449585,240:0.16121444553136827,250:0.16126538962125778,260:0.16134086698293687,270:0.16170099079608918",240,0.16121444553136827,0.01,0.01,0.01
187,bostonHousing,FCN,512,1e-08,0.001,"0:0.906819224357605,10:0.4776036083698273,20:0.3233498394489288,30:0.2575442522764206,40:0.2373091161251068,50:0.21906175464391708,60:0.2088170289993286,70:0.1982578992843628,80:0.19227790087461472,90:0.18746016323566436,100:0.18354131579399108,110:0.18018752932548524,120:0.17688795030117035,130:0.1738734871149063,140:0.17139510661363602,150:0.16843502968549728,160:0.16548552215099335,170:0.16294440031051635,180:0.16076174825429917,190:0.15902784168720246,200:0.1573893904685974,210:0.1559471905231476,220:0.1543389931321144,230:0.15390806496143342,240:0.15401310920715333,250:0.153579980134964,260:0.15342176407575608,270:0.15347582548856736,280:0.1530410796403885,290:0.15304939150810243,300:0.15305666178464888,310:0.1532156988978386",280,0.1530410796403885,0.01,0.01,0.01
189,bostonHousing,FCN,512,1e-09,0.001,"0:0.9853278875350953,10:0.4907750904560089,20:0.33659884333610535,30:0.2577431797981262,40:0.24266915023326874,50:0.22731907963752745,60:0.21205815970897673,70:0.20060377717018127,80:0.19360448569059371,90:0.18668422549962999,100:0.18197254538536073,110:0.1789542093873024,120:0.1759726047515869,130:0.17262112498283386,140:0.16961374878883362,150:0.1670759826898575,160:0.1650083914399147,170:0.16301419585943222,180:0.1610457867383957,190:0.15940625816583634,200:0.15786693543195723,210:0.15631230920553207,220:0.15483067333698272,230:0.15374015271663666,240:0.1525049552321434,250:0.1514160618185997,260:0.15113778561353683,270:0.1505345106124878,280:0.14984427243471146,290:0.14908403605222703,300:0.1485905408859253,310:0.1484440967440605,320:0.14838366359472274,330:0.14834797084331514,340:0.14811715185642244,350:0.14827636927366256,360:0.1480175033211708,370:0.14855773448944093,380:0.148719023168087,390:0.14857002198696137",360,0.1480175033211708,0.01,0.01,0.01
191,bostonHousing,FCN,512,1e-10,0.001,"0:0.9072432041168212,10:0.46780484914779663,20:0.3115307867527008,30:0.2530158281326294,40:0.23558883666992186,50:0.22053035348653793,60:0.21531994938850402,70:0.2077135756611824,80:0.20183036029338836,90:0.1988861545920372,100:0.19738859832286834,110:0.1949169456958771,120:0.1918057084083557,130:0.18865410685539247,140:0.18572095781564713,150:0.18271584212779998,160:0.18032172620296477,170:0.17785561829805374,180:0.17589051872491837,190:0.17436845004558563,200:0.1729096844792366,210:0.17125494182109832,220:0.17049216032028197,230:0.16937040239572526,240:0.16831962317228316,250:0.16746022850275039,260:0.16703525483608245,270:0.1666216105222702,280:0.16595309972763062,290:0.16552179753780366,300:0.16536281406879424,310:0.16512589156627655,320:0.16500018090009688,330:0.16452443301677705,340:0.1639016389846802,350:0.16367443054914474,360:0.16300220936536788,370:0.16313872784376143,380:0.16279883682727814,390:0.16281935274600984,400:0.16261975169181825,410:0.16244541853666306,420:0.16260695606470107,430:0.1626998409628868,440:0.16296500265598296",410,0.16244541853666306,0.01,0.01,0.01
194,bostonHousing,FCN,512,1e-11,0.001,"0:0.9486322164535522,10:0.5137038886547088,20:0.33114616870880126,30:0.25572759807109835,40:0.2337278574705124,50:0.21579688787460327,60:0.20207717418670654,70:0.19599298983812333,80:0.1899132177233696,90:0.18593649864196776,100:0.18416972160339357,110:0.18243595063686371,120:0.18056633025407792,130:0.17929046601057053,140:0.17822555899620057,150:0.17658567279577256,160:0.17470661103725432,170:0.17296650856733323,180:0.17152590900659562,190:0.17037563174962997,200:0.16940501034259797,210:0.16895752400159836,220:0.168373005092144,230:0.16762966364622117,240:0.1672431707382202,250:0.1668656125664711,260:0.16641328632831573,270:0.16596840023994447,280:0.16529058963060378,290:0.16474927067756653,300:0.16439949572086335,310:0.16380165815353392,320:0.1637721136212349,330:0.16407409459352493,340:0.16434619724750518,350:0.164956533908844",320,0.1637721136212349,0.01,0.01,0.01
195,bostonHousing,FCN,512,1e-12,0.001,"0:0.9879431009292603,10:0.5084321618080139,20:0.3337796896696091,30:0.2567634701728821,40:0.24066738188266754,50:0.21869508028030396,60:0.20318703651428222,70:0.19106193780899047,80:0.18285790383815764,90:0.17793247252702712,100:0.17510257065296173,110:0.1732318952679634,120:0.171492238342762,130:0.17085578590631484,140:0.17060157358646394,150:0.16995557695627211,160:0.16830158680677415,170:0.16758031398057938,180:0.1675374612212181,190:0.1672449991106987,200:0.16755212545394899,210:0.16812634021043776,220:0.16834396868944168",190,0.1672449991106987,0.01,0.01,0.01
197,bostonHousing,FCN,512,1e-13,0.001,"0:0.9180442810058593,10:0.5035539031028747,20:0.34428301751613616,30:0.2646991193294525,40:0.24412234723567963,50:0.22738921046257018,60:0.20952926576137543,70:0.19911956787109375,80:0.1902026876807213,90:0.18311539590358733,100:0.17885973155498505,110:0.17424396127462388,120:0.17119865715503693,130:0.1685434937477112,140:0.16612144857645034,150:0.16399907767772676,160:0.16215089708566666,170:0.159867724776268,180:0.15860506892204285,190:0.15689436495304107,200:0.15575419813394548,210:0.15497017800807952,220:0.15451111197471618,230:0.15379835665225983,240:0.15300625711679458,250:0.15233640223741532,260:0.15194804072380066,270:0.15168854594230652,280:0.1513178676366806,290:0.15165388435125352,300:0.15199988931417466,310:0.15248657166957855",280,0.1513178676366806,0.01,0.01,0.01
199,bostonHousing,FCN,512,1e-14,0.001,"0:0.9323835492134094,10:0.48919530510902404,20:0.3404647082090378,30:0.25998103618621826,40:0.2302140176296234,50:0.21337903439998626,60:0.1989128679037094,70:0.1874662905931473,80:0.18033213317394256,90:0.17389319837093353,100:0.1703819677233696,110:0.16776300221681595,120:0.1665038660168648,130:0.1649036154150963,140:0.16337984800338745,150:0.1611696422100067,160:0.16019837707281112,170:0.15989752858877182,180:0.15909630060195923,190:0.15840644091367723,200:0.15826559960842132,210:0.1575387239456177,220:0.15743322521448136,230:0.15727651864290237,240:0.15717152655124664,250:0.15663013607263565,260:0.15617434084415435,270:0.15572940409183503,280:0.15594853907823564,290:0.15599034875631332,300:0.156442691385746",270,0.15572940409183503,0.01,0.01,0.01
200,bostonHousing,FCN,512,1e-15,0.001,"0:0.9051986336708069,10:0.4812082529067993,20:0.33460368812084196,30:0.25404395163059235,40:0.23748226463794708,50:0.2219046473503113,60:0.21192872673273086,70:0.20234400331974028,80:0.19774729311466216,90:0.1937810018658638,100:0.19093845635652543,110:0.18878171145915984,120:0.1865684688091278,130:0.18415371030569078,140:0.18130266964435576,150:0.17933839857578276,160:0.17752475738525392,170:0.17609018832445145,180:0.17460905760526657,190:0.17282079309225082,200:0.17165570259094237,210:0.17103544622659683,220:0.1705683574080467,230:0.17064578533172609,240:0.17001690417528154,250:0.16995090246200562,260:0.17018113136291504,270:0.17017329186201097,280:0.17027314603328705",250,0.16995090246200562,0.01,0.01,0.01
258,bostonHousing,FCN,32,0.1,0.0001,"0:0.9701638328440394,10:0.6540682902674615,20:0.4894948018001921,30:0.39888969422490506,40:0.34429305203167015,50:0.31207510321228593,60:0.29162963063996516,70:0.2776693045725057,80:0.267313042945332,90:0.25905468125402187,100:0.25216064118308784,110:0.24646161270362357,120:0.24149486634098452,130:0.23730243058116346,140:0.23364481449495128,150:0.2304712547748177,160:0.22768241165228834,170:0.2252461561450252,180:0.22320563623934614,190:0.22145709934425942,200:0.2199737283550663,210:0.2187796311797919,220:0.21776303814517126,230:0.21690619063598135,240:0.21619836796581007,250:0.21553941078392075,260:0.21497374370142266,270:0.2144703494729819,280:0.2140366126541738,290:0.21361527008774842,300:0.21328213961771975,310:0.21283261717101673,320:0.21244647083459078,330:0.2120784860518244,340:0.21165981726881902,350:0.2113572085713163,360:0.21108613648900282,370:0.21082104218226894,380:0.21060947713292677,390:0.21041237722944328,400:0.2102388878847346,410:0.21010812905467588,420:0.21001688883996308,430:0.209869729295189,440:0.20974189815697847,450:0.20962414568589058,460:0.209486468338672,470:0.20937559727901295,480:0.20929113764453816,490:0.209134703948174,500:0.20904698761892906,510:0.20896552607969002,520:0.20888605222657874,530:0.20877642259921556,540:0.2086919657058186,550:0.2086167401185742,560:0.20857499387161232,570:0.20850325907454081,580:0.20843275156286029,590:0.20840660214056203,600:0.20837976932525634,610:0.20833253606601998,620:0.208279189872153,630:0.20827470173438392,640:0.20822328972963638,650:0.20819948644917688,660:0.20815555061455124,670:0.20812865935358,680:0.20809540112077457,690:0.2080756890920945,700:0.2080506928357077,710:0.20803263603169242,720:0.2080059301338078,730:0.20797131289670498,740:0.20796169079380272,750:0.20793562963788892,760:0.20789532595210605,770:0.20789163973596358,780:0.20787179293455899,790:0.20783003171284992,800:0.20782143357727262,810:0.20779930391797313,820:0.20779913100931377,830:0.2077870249564265,840:0.2077770590230271,850:0.20774618964872243,860:0.2077440065550215,870:0.2077499172569793,880:0.20774135245585149,890:0.2077587949456992,900:0.2077225354534608,910:0.20771328650506926,920:0.2077288411465692,930:0.20772544436248733,940:0.20770237580125714,950:0.20773467046243174,960:0.207732355705014,970:0.20771987493391392",940,0.20770237580125714,0.01,0.01,0.01
260,bostonHousing,FCN,32,0.1,0.0005,"0:0.7708385881818371,10:0.2950799768905581,20:0.245754570302404,30:0.2283578751263795,40:0.220392153090165,50:0.21632051166192987,60:0.2139486441825643,70:0.21224797215358712,80:0.21160889468443247,90:0.21087184390168132,100:0.2105304178632336,110:0.21004952540000282,120:0.2098868524954643,130:0.20949595947692426,140:0.2095098117619385,150:0.20939682521569872,160:0.20916338919857402,170:0.2090190509403193,180:0.20893376673813222,190:0.2087082368908105,200:0.20870870335234537,210:0.20851125316119493,220:0.20844973189595306,230:0.20831904037867063,240:0.20835646352282278,250:0.2083401343152847,260:0.208339179813126",230,0.20831904037867063,0.01,0.01,0.01
261,bostonHousing,FCN,32,0.1,0.001,"0:0.6203861470207755,10:0.240612503187156,20:0.2178956114951475,30:0.21201431042986152,40:0.21078136445563517,50:0.21033329687736652,60:0.20965733910784307,70:0.20897455403098353,80:0.20876413024502036,90:0.20881178783781734,100:0.2086659159373354,110:0.20847165825558295,120:0.20847473006557538,130:0.20831200592679747,140:0.20844148597967477,150:0.2084791750451665,160:0.20845609542764265",130,0.20831200592679747,0.01,0.01,0.01
263,bostonHousing,FCN,32,0.1,0.002,"0:0.4640601447151031,10:0.22206328055005012,20:0.21284129626956988,30:0.21091027679266752,40:0.21041034130770483,50:0.2097468148043126,60:0.20983852501268738,70:0.2097449509817877,80:0.20956802134528568,90:0.21011666447660068,100:0.2099391652110182,110:0.2096970259591385",80,0.20956802134528568,0.01,0.01,0.01
264,bostonHousing,FCN,32,0.01,0.0001,"0:0.8773917803057918,10:0.4851104648024947,20:0.32992748022079466,30:0.2657125099573606,40:0.24030229692105895,50:0.22635039784658098,60:0.21599700334999294,70:0.2076565397190459,80:0.2009649904605783,90:0.19571299161072125,100:0.19135431787114085,110:0.18785034414426782,120:0.18472154486326525,130:0.18193869664345258,140:0.1794926275257711,150:0.17751596492749674,160:0.17572337845225394,170:0.1742607264607041,180:0.1729688288069066,190:0.17182142826510063,200:0.17080062912938035,210:0.1700306292301343,220:0.1693269309438305,230:0.168566275930699,240:0.16782403842166618,250:0.16724617610007156,260:0.16672539942794376,270:0.1661093876685625,280:0.16554951149004477,290:0.16497327001006515,300:0.16451357595714522,310:0.16404947561246377,320:0.16350439713325032,330:0.16305626998712985,340:0.16247046516265398,350:0.161979639125459,360:0.16151996586057873,370:0.16112275502563994,380:0.16069083125502975,390:0.16030020279648866,400:0.16002213862943063,410:0.15974424691111952,420:0.15949717509893724,430:0.1593248301450117,440:0.15919292731049622,450:0.1590329539996606,460:0.15885600050290424,470:0.15873346321376752,480:0.1585695187250773,490:0.1585118822109552,500:0.15848878014970708,510:0.15848794465447652,520:0.15848613605823045,530:0.15853792506235614,540:0.15849529799119927,550:0.15850761139098507",520,0.15848613605823045,0.01,0.01,0.01
266,bostonHousing,FCN,32,0.01,0.0005,"0:0.7147193827746826,10:0.22306715520443737,20:0.18747517812399217,30:0.17788111755141506,40:0.17507497583642417,50:0.1745051849771429,60:0.17393116947309473,70:0.1735605736573537,80:0.1733478640332634,90:0.17244872761729324,100:0.17191431369678473,110:0.1708618316937376,120:0.1706170923731945,130:0.1705232655008634,140:0.16968197301949983,150:0.16976077606280646,160:0.16949884770093143,170:0.16943639555463086,180:0.1691964930958218,190:0.1688419591313527,200:0.1687970186457222,210:0.16869954450262917,220:0.16886462427583743,230:0.16888144827551313,240:0.1687861504930037",210,0.16869954450262917,0.01,0.01,0.01
268,bostonHousing,FCN,32,0.01,0.001,"0:0.6014782229691377,10:0.1981834783230299,20:0.17826849100766357,30:0.17247607498257247,40:0.1686804062054481,50:0.1667757398184435,60:0.16550626883536212,70:0.1635578566863213,80:0.16229647250823032,90:0.16226933142285288,100:0.16104862557517158,110:0.1595177998881281,120:0.1591987868885935,130:0.16023406820532715,140:0.15929587590105737,150:0.15949321083816484",120,0.1591987868885935,0.01,0.01,0.01
269,bostonHousing,FCN,32,0.01,0.002,"0:0.4389177389534903,10:0.1798711790346805,20:0.16757138411939881,30:0.1638776438103782,40:0.1628957274519367,50:0.16916015644868215,60:0.16123320199089286,70:0.1506796932146873,80:0.16022628244058584,90:0.16649170907927147,100:0.16272861357824303",70,0.1506796932146873,0.01,0.01,0.01
271,bostonHousing,FCN,32,0.001,0.0001,"0:0.9584321683571663,10:0.5505995595528755,20:0.37047824175269517,30:0.2890085191822346,40:0.25366685419906804,50:0.23447358163050663,60:0.221458743383855,70:0.21193476219971977,80:0.20494538289897238,90:0.19983376549717818,100:0.19579439591846348,110:0.19253273751632666,120:0.18992435161346272,130:0.1877680219433926,140:0.18579686986811367,150:0.18422013219491934,160:0.18297300559503057,170:0.18194624487264657,180:0.1810363558339484,190:0.18021189706561005,200:0.17950877142541202,210:0.17879730889826645,220:0.17816409398744132,230:0.17756961709187352,240:0.17685904506547953,250:0.17629500951296015,260:0.17563258865733206,270:0.17499770404380047,280:0.17423705020804464,290:0.17350191047162183,300:0.172716862257616,310:0.1720151424407959,320:0.17138752497640658,330:0.17073214959215235,340:0.17014110914351027,350:0.1696994463786667,360:0.16923307193282208,370:0.16877494535328427,380:0.16836290368695317,390:0.16795477767785388,400:0.16760016473723044,410:0.16722418033046488,420:0.16690582730519918,430:0.16663607542897446,440:0.1662965319406839,450:0.16606344087624253,460:0.16582400048220597,470:0.1655806250778245,480:0.16536907636457018,490:0.16511070294144714,500:0.1649554464000243,510:0.16490680100741212,520:0.16473437635986893,530:0.1646471607096401,540:0.16436263974066134,550:0.1641344115689949,560:0.1639249939057562,570:0.1637641841430723,580:0.16359089979051072,590:0.16338527940305664,600:0.16321426882052126,610:0.16295068355990044,620:0.16282232536209956,630:0.162634337923409,640:0.1624726616857964,650:0.162407431282379,660:0.16226498629943825,670:0.16221323322366782,680:0.16206097759214447,690:0.16198694194540564,700:0.16179267742015696,710:0.16169540068985502,720:0.16148920721477927,730:0.16127502016815137,740:0.16122555786076886,750:0.1610522887037124,760:0.1610117834843235,770:0.1608959503379869,780:0.16084509116631968,790:0.1606229784128107,800:0.16049506737862104,810:0.16045940341772857,820:0.16042004058390485,830:0.1604020369641575,840:0.1602815229399705,850:0.1602939082332599,860:0.16026886249030076,870:0.1602441230673849,880:0.1602910961817812,890:0.16042432775835933,900:0.1603821411360929",870,0.1602441230673849,0.01,0.01,0.01
274,bostonHousing,FCN,32,0.001,0.0005,"0:0.7473839012193092,10:0.20869532196242133,20:0.17750593265633524,30:0.16725694636503857,40:0.16353708111945492,50:0.16135933402879737,60:0.16001892658295452,70:0.1584517851287936,80:0.15751613549612187,90:0.15681092325184082,100:0.1563980856243475,110:0.15629710534840455,120:0.15691873158937616,130:0.15688086159435322,140:0.15664552323244235",110,0.15629710534840455,0.01,0.01,0.01
275,bostonHousing,FCN,32,0.001,0.001,"0:0.5782190397933678,10:0.18263521562387913,20:0.16673121877290584,30:0.16276301222818867,40:0.1586043463996899,50:0.15455273582979484,60:0.15258610754469293,70:0.1528525139078682,80:0.15099728994163467,90:0.14428421198217958,100:0.14953883408028404,110:0.15114549661492124,120:0.14526453104652",90,0.14428421198217958,0.01,0.01,0.01
276,bostonHousing,FCN,32,0.001,0.002,"0:0.41728402431364414,10:0.1746531734863917,20:0.16365809105796578,30:0.15594067724398625,40:0.1646409652851246,50:0.16113045462119727,60:0.16250554313998164",30,0.15594067724398625,0.01,0.01,0.01
278,bostonHousing,FCN,32,0.0001,0.0001,"0:0.93766858143571,10:0.5345599960581756,20:0.35160463400828984,30:0.2674024361703131,40:0.2355416276572663,50:0.21986180525503038,60:0.209014820187916,70:0.20060166431429946,80:0.194059928662983,90:0.18898620051734244,100:0.1850065858091837,110:0.18195464478598705,120:0.1799579393716506,130:0.17840066688296236,140:0.17697317362935455,150:0.17589609227430672,160:0.17502165510330672,170:0.17429690982824492,180:0.1736583484175765,190:0.17327515446109537,200:0.17285768507439414,210:0.17245329629491876,220:0.17213338094728967,230:0.17175477110309365,240:0.17142537556312704,250:0.17099931118664918,260:0.17062882460929732,270:0.1702025346182011,280:0.16998703711562685,290:0.16975072386824056,300:0.16968064499490057,310:0.16951808322359013,320:0.1694271348324823,330:0.16932485826589444,340:0.1692706843217214,350:0.1691556219885379,360:0.16908271325591168,370:0.16887790908416112,380:0.16892060262185557,390:0.16889743284310826,400:0.16880095588204302,410:0.16864029426633578,420:0.1686374737708657,430:0.16867776562770206,440:0.16872940144421142,450:0.16884520476982917",420,0.1686374737708657,0.01,0.01,0.01
279,bostonHousing,FCN,32,0.0001,0.0005,"0:0.7334333370865126,10:0.2244330295809993,20:0.18861386921302775,30:0.17630757752024098,40:0.17134746250547012,50:0.17009792912889413,60:0.1697404460406598,70:0.16931487487422095,80:0.16870913568102283,90:0.1681989848245809,100:0.16746583150492775,110:0.16733365029464534,120:0.166984979973899,130:0.1671148320958938,140:0.1679915697302347,150:0.16857850858826695",120,0.166984979973899,0.01,0.01,0.01
280,bostonHousing,FCN,32,0.0001,0.001,"0:0.5576480216450161,10:0.19894687101060962,20:0.18053860024169638,30:0.17662467581254465,40:0.17233929560508257,50:0.16987073855635562,60:0.16948782172467974,70:0.16917842979784364,80:0.16660924833497884,90:0.17810038342887974,100:0.17391388868844065,110:0.17623849224161217",80,0.16660924833497884,0.01,0.01,0.01
281,bostonHousing,FCN,32,0.0001,0.002,"0:0.43249393098148303,10:0.1766092225357338,20:0.16680199643711985,30:0.16718994231871614,40:0.16488929907848807,50:0.15084364002133593,60:0.16461556252138115,70:0.15825611481695998,80:0.16046395827958612",50,0.15084364002133593,0.01,0.01,0.01
284,bostonHousing,FCN,32,1e-05,0.0001,"0:0.9343686490883062,10:0.5261526717080011,20:0.3440193226124034,30:0.2616701065758128,40:0.23238990663746256,50:0.22035381098588308,60:0.21189874083171656,70:0.20519764382898073,80:0.19966480224220842,90:0.19490029466005018,100:0.19119986372965353,110:0.18802901756616283,120:0.18536723458472593,130:0.18331274463806624,140:0.18161238637971291,150:0.18040175397454955,160:0.17947744583642042,170:0.17859812875588738,180:0.17792358549288761,190:0.17727088236514432,200:0.17676491538683575,210:0.17622264623641967,220:0.1757125003838245,230:0.17510542391258993,240:0.17458563049634296,250:0.1742162416010727,260:0.17389061443599654,270:0.17358017026642222,280:0.17318713227171956,290:0.17276005737575484,300:0.1723180287414127,310:0.17190844626338395,320:0.1715551294662334,330:0.17115789493660868,340:0.17087587191734788,350:0.1706889843867149,360:0.17053574124972024,370:0.17033931090507975,380:0.17025754271466056,390:0.17019332662040806,400:0.17006020001423214,410:0.17001528077655367,420:0.16999648367917097,430:0.169977996820285,440:0.17000042078671634,450:0.16999133946718992,460:0.17004463146498172",430,0.169977996820285,0.01,0.01,0.01
286,bostonHousing,FCN,32,1e-05,0.0005,"0:0.6840832475894764,10:0.2384192234939999,20:0.2063064965017048,30:0.19749229178752428,40:0.19331605051770623,50:0.1911154509694488,60:0.18984557213606656,70:0.18852750132849186,80:0.1871710787952682,90:0.18555432742024644,100:0.18408704587706812,110:0.18249191535107884,120:0.18036125913078402,130:0.17851454391155713,140:0.1782063721138754,150:0.1783943772315979,160:0.17826869796823572,170:0.17850343735865604",140,0.1782063721138754,0.01,0.01,0.01
287,bostonHousing,FCN,32,1e-05,0.001,"0:0.5439340164999902,10:0.19191776359522786,20:0.1748304299918222,30:0.16714414402290628,40:0.1610778737583278,50:0.15902554503193608,60:0.15800144379889525,70:0.1582099418581268,80:0.15947487403949104,90:0.15775933537954165,100:0.16445096179291055,110:0.16428072454384818,120:0.1550820448332363,130:0.16633413787241333,140:0.1620844136785578,150:0.1572019944956273",120,0.1550820448332363,0.01,0.01,0.01
288,bostonHousing,FCN,32,1e-05,0.002,"0:0.42068812810344464,10:0.17408526252817227,20:0.17002312897900002,30:0.1689196149508158,40:0.16897171010941633,50:0.1622521365682284,60:0.17008675818825947,70:0.15134245703617732,80:0.15500493732131557,90:0.15932057238655326,100:0.1549837413025491",70,0.15134245703617732,0.01,0.01,0.01
292,bostonHousing,FCN,32,1e-09,0.0001,"0:0.9443200558056066,10:0.534461467501558,20:0.35014286806553974,30:0.27241376877566914,40:0.23972056894390673,50:0.22323866957499655,60:0.21255522201090682,70:0.20449854674530615,80:0.1980449777326466,90:0.19301102873351839,100:0.18905798555524259,110:0.185915170683537,120:0.18341939837476356,130:0.18114051667996395,140:0.17946880055062567,150:0.1783045753652667,160:0.17731692323714127,170:0.17669207074759918,180:0.1762693011098438,190:0.1760614295064667,200:0.175962378323814,210:0.1756503751984349,220:0.175464188279929,230:0.1751447307842749,240:0.17487138818811487,250:0.1745721790525648,260:0.17426822542408366,270:0.17410993535577515,280:0.17385288451188877,290:0.173567055920024,300:0.17318973552297662,310:0.17310919014760007,320:0.1729884503432262,330:0.17289687207451573,340:0.17273513722566908,350:0.17268446853131425,360:0.17250373109623238,370:0.1725029015246733,380:0.1724442888189245,390:0.17248931803085185,400:0.17247155209382375,410:0.17258370526042988",380,0.1724442888189245,0.01,0.01,0.01
293,bostonHousing,FCN,32,1e-09,0.0005,"0:0.7006976270749246,10:0.22656759903018858,20:0.18923549389029728,30:0.17695765808040714,40:0.17145467775839346,50:0.16857223253191256,60:0.16683613838237007,70:0.1659453492473673,80:0.1650282785848335,90:0.16364589900146295,100:0.16269802377547746,110:0.16110351797607209,120:0.15979677672371453,130:0.1588773803394518,140:0.15767211904864253,150:0.1577926081087854,160:0.1582654917497694,170:0.1573632361344349,180:0.15594027785607326,190:0.15536812505236378,200:0.1569180049278118,210:0.16080860495567323,220:0.15730225399688438",190,0.15536812505236378,0.01,0.01,0.01
294,bostonHousing,FCN,32,1e-09,0.001,"0:0.5631173398023771,10:0.18833211174717657,20:0.17033821979054695,30:0.16747019971594396,40:0.16609174971595225,50:0.1678671630628315,60:0.16974167275575944,70:0.17031679800999017",40,0.16609174971595225,0.01,0.01,0.01
295,bostonHousing,FCN,32,1e-09,0.002,"0:0.42754516290661726,10:0.16623258088473922,20:0.1538681874304642,30:0.15103657459035333,40:0.15035161891101317,50:0.130826872476825,60:0.13888335408251962,70:0.14697638047330175,80:0.14212226676352233",50,0.130826872476825,0.01,0.01,0.01
